code,name
U21359,SOUTH WORCS VALE OF EVESHAM HEALTH PCN
U65582,CHILDWALL & WAVERTREE PCN
U26844,MOSAIC HEALTHCARE PCN
U67660,OLDHAM SOUTH PCN
U55397,THE COASTAL NETWORK PCN
U47004,SOUTHAMPTON WEST PCN
U52026,SW SHROPSHIRE PCN
U66368,NORTH TRAFFORD PCN
U57480,SWAGGA PCN
U09772,RED KITE HEALTHCARE PCN
U03153,BROUGHTON HEALTH ALLIANCE PCN
U41693,SPALDING & MARKET DEEPING PCN
U89419,EAST WOKINGHAM PCN
U65039,SUTTON GROUP PRACTICE PCN
U49785,WYVERN HEALTH PARTNERSHIP PCN
U09072,PRESTON PARK COMMUNITY PCN
U68696,WOKINGHAM WEST PCN
U82047,ICKNIELD PCN
U55146,CENTRAL BASILDON PCN
U85476,MODALITY (KEIGHLEY) PCN
U61151,MEDWAY RAINHAM PCN
U67607,GPS HEALTHCARE PCN
U07607,CENTRAL SUTTON PCN
U17168,SOUTH HARDWICK PCN
U81307,SOUTH SOMERSET EAST - RPN PCN
U14615,EASINGTON CENTRAL PCN
U00402,CONNEXUS PCN
U96137,MID SUFFOLK PCN
U82536,BRADFORD ON AVON & MELKSHAM PCN
U66688,CARLISLE PCN
U45014,WARRINGTON INNOVATION PCN
U17022,BRADFORD NORTH WEST PCN
U01315,FAVERSHAM PCN
U39686,BARNET 5 PCN
U17081,ROMSEY & NORTH BADDESLEY PCN
U32828,SHEEN & BARNES PCN
U70326,WOLVERHAMPTON UNITY WEST PCN
U00367,HAVERING SOUTH PCN
U58188,NORTHENDEN & BROOKLANDS (WYTHENSHAWE) PCN
U03364,HAYWARDS HEATH VILLAGES PCN
U91893,CENTRAL SOUTHPORT PCN
U07032,NORTH STOCKTON PCN
U27258,EAST IPSWICH PCN
U46454,HARBORNE PCN
U74229,FLEETWOOD PCN
U83168,HARINGEY - WELBOURNE PCN
U04862,WHITE HORSE BOTLEY PCN
U71739,NEWHAM CENTRAL 1 PCN
U81483,WHITBY COAST & MOORS PCN
U87776,WALTHAM FOREST LEYTON COLLABORATIVE PCN
U07648,ASHFORD RURAL PCN
U53999,GREATER DERBY PCN
U93148,"CHIPPENHAM, CORSHAM & BOX PCN"
U64232,B-CONNECTED CARE PCN
U84529,REDDITCH & BROMSGROVE & DISTRICT PCN
U14074,ASCOT PCN
U09738,CAMBRIDGE NORTH VILLAGES PCN
U94471,HARNESS NORTH PCN
U12949,SYNERGY HEALTH PCN
U90673,KETTS OAK PCN
U52875,H IS FOR HEALTH PCN
U04914,PRESTON EAST PCN
U63948,WATERMEAD PCN
U21617,TYNTESFIELD PCN
U98548,READING WEST PCN
U36299,ALPHA PCN
U27664,STROOD PCN
U90175,WOKING WISE 3 PCN
U83457,CENTRAL CAMDEN PCN
U96202,DURHAM DALES PCN
U87927,NORTH SOUTHPORT PCN
U06243,TILBURY AND CHADWELL PCN
U16446,NORTH UTTLESFORD PCN
U75375,WANTAGE PCN
U76122,STRATFORD PCN
U47975,SOUTH WAVENEY PCN
U52641,NORTH NEWHAM PCN
U56140,COASTAL (WEST HAMPSHIRE) PCN
U20639,DELTA PCN
U76908,GILLINGHAM SOUTH PCN
U71206,BROCKLEBANK PCN
U35438,BARNET 4 PCN
U55812,STEVENAGE NORTH PCN
U32760,PURBECK PCN
U44012,KESTON MOORINGS & PARKSIDE PCN
U31619,TEESDALE PCN
U84550,HEALTHY HORLEY PCN
U53900,DENTON PCN
U48652,KINGS LYNN PCN
U48176,CHELMER PCN
U15644,LEIGHTON BUZZARD PCN
U79587,SOUTH SOUTHALL PCN
U46293,WOODBERRY WETLANDS PCN
U31094,"CHAW (CHELFORD, HANDFORTH, ALDERLEY EDGE, WILMSLOW) PCN"
U56676,EPPING FOREST NORTH PCN
U88279,CHANDLER'S FORD PCN
U73296,TIVERTON PCN
U47223,DERBY CITY SOUTH PCN
U13245,PORTER VALLEY PCN
U32116,SWB YOUR HEALTH PARTNERSHIP PCN
U08579,HARPENDEN PCN
U28378,TOWNSHIPS 2 PCN
U15552,SMALL HEATH PCN
U95574,HUNTINGDON PCN
U84425,CONNECTHEALTH ALLIANCE PCN
U07199,EAST & CENTRAL BRIGHTON 1 PCN
U05433,SOUTH NORFOLK HIP PCN
U25255,DEAL & SANDWICH PCN
U00203,ECCLES & IRLAM PCN
U83494,STAFFORD SOUTH PCN
U87221,EAST HANTS PCN
U79310,THE MAST PCN
U31538,RHQ PCN
U32372,OUTER EXETER PCN
U72604,RICKMANSWORTH & CHORLEYWOOD PCN
U86623,NORTH GUILDFORD PCN
U40164,EASTLEIGH HEALTH PCN
U46071,WESTHOUGHTON NETWORK PCN
U88414,CANNOCK VILLAGES PCN
U09081,FALMOUTH AND PENRYN PCN
U80335,STEVENAGE SOUTH PCN
U77584,DORKING PCN
U25520,MID FURNESS PCN
U78224,NIMBUSCARE LTD YORK PCN
U77416,WALSALL EAST 1 PCN
U14482,WEST-HILL HEALTH PCN
U18195,"KINGSTANDING, ERDINGTON & NECHELLS PCN"
U53562,NORTH SOUTHALL PCN
U83511,HILTON PCN
U74819,CARITAS MEDICAL PCN
U96099,HENLEY SONNET PCN
U56681,DOCKLANDS PCN
U20931,"KIDLINGTON, ISLIP, WOODSTOCK & YARNTON (KIWY) PCN"
U82359,ROCHESTER PCN
U15166,PHOENIX (MID ESSEX) PCN
U48691,WARE AND RURALS PCN
U00147,AEGIS HEALTHCARE PCN
U27139,HARINGEY - CROUCH END PCN
U62213,RUGBY PCN
U42007,NORTH WEST LEICESTERSHIRE PCN
U76572,COCKERMOUTH & MARYPORT PCN
U60337,CENTRAL 1 ISLINGTON PCN
U63233,EASTLEIGH SOUTHERN PARISHES PCN
U09057,HYNDBURN RURAL PCN
U47609,ALLIANCE OF SUTTON PRACTICES PCN
U12563,RUSHCLIFFE PCN
U52763,HAVERHILL PCN
U30170,TABA WIGAN PCN
U48502,BLACKBURN EAST PCN
U70497,DERWENTSIDE PCN
U00351,SOLIHULL SOUTH CENTRAL PCN
U49536,COASTAL & SOUTH DOWNS CARE PARTNERSHIP PCN
U09275,TAUNTON DEANE WEST PCN
U77811,NORTH MERTON PCN
U58538,BARNET 3 PCN
U89131,EAST ELMBRIDGE PCN
U93045,WALTHAM FOREST WALTHAMSTOW CENTRAL PCN
U67303,WORKINGTON PCN
U74798,CROYDON GP SUPER NETWORK PCN
U91913,NORTH DARTMOOR PCN
U68943,CHESTER SOUTH PCN
U52891,CARE ENTERPRISE PCN
U16983,A34 WEST BERKSHIRE PCN
U36452,LEAMINGTON SOUTH PCN
U79464,DAVENTRY PCN
U64148,LICHFIELD PCN
U96870,CENTRAL & WEST WARRINGTON PCN
U14062,WEST HOVE PCN
U81960,ST JOHN'S WOOD & MAIDA VALE PCN
U99463,NOTTINGHAM WEST PCN
U49728,WALSALL WEST 1 PCN
U11393,WETHERBY PCN
U68252,SOWE VALLEY PCN
U57300,CARE COLLABORATIVE (REDHILL) PCN
U46154,WINCHESTER RURAL NORTH & EAST PCN
U55161,PENNINES PCN
U78517,KENTISH TOWN SOUTH PCN
U63843,PIER HEALTH PCN
U60509,DERBY CITY NORTH PCN
U20256,SOUTH TYNESIDE EAST PCN
U23546,APLOS HEALTH PCN
U06978,NEWHAM NORTH EAST 2 PCN
U80502,FOLKSTONE HYTHE & RURAL PCN
U55387,BARKING & DAGENHAM NORTH PCN
U69865,PATHFIELDS MEDICAL GROUP PCN
U91471,INCLUSIVE HEALTH PCN
U36776,FRESHNEY PELHAM NEL PCN
U76772,CARILLON PCN
U82523,SOUTH HAMS PCN
U99355,STREATHAM PCN
U96386,HORSHAM COLLABORATIVE PCN
U79574,HONITON/OTTERY/SID VALLEY (HOSMS) PCN
U80251,LEATHERHEAD PCN
U79723,BRENTWOOD PCN
U84846,HEALTHSENSE PCN
U36779,BRIXTON AND CLAPHAM PARK PCN
U49896,TEDDINGTON PCN
U51357,WOKING WISE 1 PCN
U17084,WALTHAM FOREST WALTHAMSTOW WEST PCN
U67475,DASHWOOD PCN
U58215,SOUTH UTTLESFORD PCN
U05734,"HANLEY, BUCKNALL & BENTILEE PCN"
U79049,EAGLE BRIDGE PCN
U44365,WEST BIRMINGHAM PCN
U88254,CAM MEDICAL PCN
U37037,SHOREHAM AND SOUTHWICK PCN
U31548,SWB SANDWELL PRIMARY CARE DOCTORS PCN
U88820,CLOCKTOWER PCN
U60094,SOUTH SOUTHWARK PCN
U09531,CHILTERN HILLS PCN
U64595,HULME MOSS SIDE & RUSHOLME PCN
U11211,BARKING & DAGENHAM WEST PCN
U94184,EAST WAVERLEY PCN
U12548,REGENT HEALTH PCN
U98167,FOSS (FIRECLAY & OLD SCHOOL SURGERY) PCN
U45703,GREENWELL PCN
U66620,WALLINGTON PCN
U84081,CANTERBURY SOUTH PCN
U63540,BATLEY BIRSTALL PCN
U39739,WEST OF WAVERLEY PCN
U64531,TEMPLER CARE NETWORK PCN
U24481,SEVENOAKS PCN
U35004,CROWN PCN
U32995,WHITSTABLE PCN
U52802,FOUR COUNTIES PCN
U51153,WEOLEY AND RUBERY PCN
U79121,HEALTHIER WEST WIRRAL PCN
U14922,CW UNITY PCN
U23821,ARC BUCKS PCN
U74544,BOSWORTH PCN
U27585,SEVEN KINGS PCN
U78466,MEDWAY CENTRAL PCN
U78694,WYRE FOREST HEALTH PARTNERSHIP PCN
U52075,NORTH RIDING HEALTHY COMMUNITY PCN
U84454,CANVEY PCN
U74074,SOUND PCN
U03298,RICHMONDSHIRE PCN
U83279,HEALTHIER OXFORD CITY NETWORK PCN
U74554,MMP CENTRAL AND NORTH PCN
U32212,HARNESS STADIUM PCN
U19348,WOLVERHAMPTON UNITY EAST PCN
U07605,BARNET 1W PCN
U56174,SWB PIONEERS FOR HEALTH (SOUTH) PCN
U59367,THE GRAND UNION PCN
U67110,NORTH BEXLEY PCN
U26878,BARRACK LANE & IVRY STREET PCN
U66344,COLCHESTER MEDICAL GROUP PCN
U85108,CHORLEY EAST PCN
U98530,STANFORD-LE-HOPE PCN
U28178,UNITY (BEDFORD) PCN
U00070,WEST MERTON PCN
U97504,CANNOCK SOUTH PCN
U98004,FELTHAM & BEDFONNT PCN
U93827,SHEFFIELD NETWORK NORTH PCN
U68213,NORTH KERRIER EAST PCN
U60622,SOUTH SOMERSET WEST PCN
U36510,COLNE UNION PCN
U68552,BEACON MEDICAL GROUP PCN
U69072,SOUTH STOKE WEST PCN
U93998,ABOUT BETTER CARE (ABC) PCN
U63770,BATH INDEPENDENTS PCN
U46082,YORK CITY CENTRE PCN
U96653,HYNDBURN CENTRAL PCN
U51930,SYNERGY PCN
U13956,CHELTENHAM PERIPHERAL PCN
U32349,SOUTH WORCS WORCESTER CITY GP PCN
U31390,CREFFIELD MEDICAL GROUP PCN
U57009,FILEY AND SCARBOROUGH PCN
U97058,CROSBY & MAGHULL PARTNERSHIP PCN
U77170,BRENT SOUTH KWH PCN
U21400,PENDLE EAST PCN
U94503,LEASIDE NETWORK PCN
U43524,NEWCASTLE CENTRAL HEALTH PCN
U55441,HALESOWEN PCN
U33593,RURAL NORTH CHICHESTER PCN
U20350,SHEFFIELD NORTH 2 PCN
U16896,GOSPORT WEST PCN
U54007,NORTH CAMDEN PCN
U98432,CREWE - GHR PCN
U89699,YORKSHIRE COAST & WOLDS PCN
U63129,BULWELL AND TOP VALLEY PCN
U46901,SASSE NETWORK 1 PCN
U98318,MOWBRAY SQUARE PCN
U50263,OTLEY PCN
U21248,TRIANGLE PCN
U50573,CARNFORTH AND MILNTHORPE PCN
U61347,NORTH WILTS BORDER PCN
U48302,COPELAND PCN
U91790,HEART OF HARROGATE PCN
U64426,BELGRAVE & SPINNEY HILL PCN
U26715,WOLVERHAMPTON SOUTH EAST PCN
U20036,HARINGEY - WEST CENTRAL PCN
U10200,DARTFORD CENTRAL PCN
U96282,LSMP AND THE LIGHT PCN
U29575,COVENTRY NAVIGATION 1 PCN
U78708,CHAPELTOWN PCN
U16196,FOREST OF DEAN PCN
U53419,ROCKINGHAM FOREST PCN
U36512,WHITFIELD PCN
U58525,SASSE NETWORK 2 PCN
U73923,WALSALL EAST 2 PCN
U42671,FLEET PCN
U58020,SEVENFIELDS PCN
U06437,BYRON PCN
U79313,SAPA 5 PCN
U28163,WEST 5 PCN
U49615,SOUTH RURAL PCN
U48056,EASTBOURNE EAST PCN
U20320,MAIDENHEAD PCN
U67590,RUTLAND HEALTH PCN
U88890,HULL SYMPHONIE PCN
U19808,LANCASTER PCN
U87199,TOWER HAMLETS NETWORK 5 PCN
U16004,ELY SOUTH PCN
U79932,HATTERS HEALTH PCN
U89554,A1 NETWORK PCN
U87998,CHELMSFORD WEST PCN
U54372,SPEN HEALTH & WELLBEING PCN
U33024,ONE THORNTON HEATH PCN
U90174,FARNBOROUGH PCN
U19803,BABYLON GP AT HAND PCN
U61963,WANDLE PCN
U51667,BEACON (CHARNWOOD) PCN
U76032,PENWITH PCN
U35939,KENDAL PCN
U62975,SOUTH WORCS DROITWITCH & OMBERSLEY PCN
U79003,"NECHELLS, SALTLEY & ALUM ROCK PCN"
U13032,FENS & BRECKS PCN
U50165,MARKET HARBOROUGH & BOSWORTH PCN
U45156,SWB OLDBURY & LANGLEY PCN
U84379,NORTH HALIFAX PCN
U06486,STOKES PCN
U55724,ARDEN PCN
U76778,PENGE PCN
U76383,NORTH BRADFORD PCN
U73005,SALUTEM PCN
U34146,JESMOND - LOWER GOSFORTH PCN
U84537,UNITY MEDICAL GROUP PCN
U39025,WGGL PCN
U53179,GLOUCESTER INNER CITY PCN
U94037,ST HELENS NORTH PCN
U17834,DARTFORD MODEL PCN
U93499,UNITY (GREENWICH) PCN
U52827,NORTH ROAD PLUS PCN
U34742,CENTRAL HALIFAX PCN
U14646,SUNDERLAND WEST 1 PCN
U95654,NORTH OXFORDSHIRE RURAL ALLIANCE (NORA) PCN
U06438,PCCO PCN
U73163,NORTH HAMMERSMITH & FULHAM PCN
U30335,RAYLEIGH AND DISTRICT PCN
U27026,GRAVESEND CENTRAL PCN
U58840,JURASSIC COAST PCN
U90050,SASSE NETWORK 3 PCN
U67045,CARE KENT PCN
U92836,CROYDON LINK PCN
U81986,CROXTETH & NORRIS GREEN PCN
U49525,HORIZON PCN
U65398,TILEHURST PCN
U97695,SOUTH WORCESTERSHIRE MALVERN TOWN PCN
U89776,THE BRIDGE PCN
U28174,TAUNTON CENTRAL PCN
U04154,NORTH NORFOLK 4 PCN
U11781,WEST BERKSHIRE RURAL PCN
U72309,SHARD END AND KITTS GREEN PCN
U37086,WEST END & MARYLEBONE PCN
U21222,LEWISHAM ALLIANCE PCN
U56857,CHEADLE NETWORK PCN
U00254,BLACKHEATH AND CHARLTON PCN
U23418,LiGA WIGAN PCN
U75449,OLDHAM EAST PCN
U42276,CHISWICK PCN
U47242,NOTTINGHAM CITY EAST PCN
U58973,STORT VALLEY & VILLAGES PCN
U21951,MENDIP PCN
U45102,DARLINGTON PCN
U13557,NORWICH PCN
U86966,BARKING & DAGENHAM EAST PCN
U62360,SOUTH FULHAM PCN
U26997,OXFORD CENTRAL PCN
U02731,IGPC PCN
U60916,CITY - OX3+ PCN
U08744,SITTINGBOURNE WEST PCN
U72748,A31 GROUP PCN
U37286,TOWER HAMLETS NETWORK 3 PCN
U46464,IVEL VALLEY SOUTH PCN
U25799,SMASH PCN
U59622,MID CHILTERN PCN
U47882,BLACKPOOL CENTRAL WEST PCN
U36188,BECKENHAM PCN
U38271,ASHTON PCN
U24247,CENTRAL & WEST (IW) PCN
U81818,NEWCASTLE NORTH PCN
U25219,FIVE TOWNS PCN
U90349,SHERWOOD PCN
U25572,DEVIZES PCN
U51492,CLISSOLD PARK PCN
U79938,BREIGHTMET & LITTLE LEVER PCN
U07003,RUMWORTH PCN
U92384,THE CHALFONTS PCN
U46695,BURNTWOOD PCN
U67304,WB PCN
U70624,NORTH GOSFORTH PCN
U52814,KINGSTON PCN
U37296,WEST KNOWSLEY PCN
U10748,NEWGATE MEDICAL GROUP PCN
U45898,NEWCASTLE INNER WEST PCN
U85067,BISHOP AUCKLAND PCN
U34072,HARLOW NORTH PCN
U36780,HEALTH VILLAGE/DEARNE VALLEY PCN
U09727,DENGIE & SOUTH WOODHAM FERRERS PCN
U22471,SMARTCARE CENTRAL PCN
U65095,NEWARK PCN
U92874,BARKING & DAGENHAM NORTH WEST PCN
U86948,WF NETWORK OF INDEPENDENT PRACTICES PCN
U31504,ROSSENDALE WEST PCN
U09071,GPNET5 PCN
U57641,EAST STAFFORDSHIRE PCN
U67133,MAIDSTONE CENTRAL PCN
U13952,CENTRAL WORTHING PRACTICES PCN
U41928,SOLIHULL RURAL PCN
U62545,EAST KENNET PCN
U34826,CRANE VALLEY PCN
U38486,CLAYPATH & UNIVERSITY MEDICAL GROUP PCN
U20454,WOLVERHAMPTON RWT PCN
U34667,GORTON AND LEVENSHULME PCN
U27515,BOURNEMOUTH EAST COLLABORATIVE PCN
U67865,NORTH EAST DERBYSHIRE PCN
U47184,CHESHAM & LITTLE CHALFONT PCN
U89375,BRENT CENTRAL KWH PCN
U09883,FARNWORTH & KEARSLEY PCN
U23535,REDHILL PHOENIX PCN
U40593,ORWELL PCN
U82789,LEAMINGTON NORTH PCN
U09193,TOWER HAMLETS NETWORK 8 PCN
U78575,WANSTEAD AND WOODFORD PCN
U30079,BARNET 6 PCN
U77096,CHESTER LE STREET PCN
U50083,THE WBC (HEREFORD CITY) PCN
U19424,CHESSINGTON AND SURBITON PCN
U88126,NEW MALDEN & WORCESTER PARK PCN
U97650,PRIME WANDSWORTH PCN
U60510,ORDSALL & CLAREMONT PCN
U01577,WALSALL WEST 2 PCN
U04901,STONE & ECCLESHALL PCN
U55014,BRIGHTON CLUSTER 5 PCN
U68450,CALNE PCN
U91762,STRATFORD CENTRAL PCN
U69520,WALTON PCN
U11684,RAMSGATE PCN
U09529,ROTHERHAM CENTRAL NORTH PCN
U12754,SOUTH EAST OXFORD HEALTH ALLIANCE (SEOxHA) PCN
U40722,SWANLEY & RURAL PCN
U13771,PETERBOROUGH PARTNERSHIPS PCN
U56223,BRIDLINGTON PCN
U02678,WINSFORD PCN
U80264,WOKINGHAM SOUTH PCN
U69901,ST AUSTELL HEALTHCARE PCN
U59570,GRANGE AND LAKES PCN
U26996,SHEFFIELD CITY CENTRE PCN
U62853,TOWNSHIPS 1 PCN
U67149,ST HELENS CENTRAL PCN
U36842,GREATER WEALDEN PCN
U21059,NORTH DEVON COASTAL PCN
U80470,HAMBLETON NORTH PCN
U73966,HLH PCN
U81324,ACTON PCN
U60845,WALSALL SOUTH 2 PCN
U96198,REDDITCH & BROMSGROVE KINGFISHER PCN
U87478,LANCING AND SOMPTING PCN
U53896,NORTH LEWISHAM PCN
U54948,"BALSALL HEATH, SPARKHILL & MOSELEY PCN"
U36721,RURAL (KERNOW) PCN
U16428,MIDDLETON PCN
U18315,AT MEDICS STREATHAM PCN
U60524,CROXTED PCN
U11176,STRATFORD SURROUNDS PCN
U49616,NORTH WEST SUFFOLK PCN
U50771,TOWER HAMLETS NETWORK 1 PCN
U01916,CYGNET PCN
U78157,BRENT WEST KWH PCN
U01150,PEARTREE & BRIDGE COTTAGE SURGERIES PCN
U31313,SOUTH WARRINGTON PCN
U81415,UPPER CALDER VALLEY PCN
U13456,YATE & FRAMPTON PCN
U27924,BENFLEET PCN
U95672,WINCHESTER CITY PCN
U90236,CITY - EAST OXFORD PCN
U40115,MAYFLOWER PCN
U10995,RURAL WEST PCN
U70886,NORTHERN ARC PCN
U99055,WENTWORTH 1 PCN
U01630,STALYBRIDGE PCN
U55369,SOUTH FENLAND PCN
U94996,HAILSHAM PCN
U51050,HARROW EAST PCN
U10791,CHORLEY & SOUTH RIBBLE HEALTH PCN
U44401,NORTH LINCOLNSHIRE EAST PCN
U82731,WYRE INTEGRATED NEIGHBOURHOOD PCN
U34184,WHITEWATER LODDON PCN
U17435,APEX PCN
U86881,WALSALL SOUTH 1 PCN
U12920,HARINGEY - NORTH WEST PCN
U80758,POOLE CENTRAL PCN
U92128,NORTH KERRIER WEST PCN
U56215,TRENT CARE PCN
U25735,SWB CITRUS PCN
U82487,WINDSOR PCN
U17012,SOUTH LINCOLNSHIRE RURAL PCN
U41591,"HOLSWORTHY, BUDE & SURROUNDING VILLAGES PCN"
U81184,WEST CAMDEN PCN
U29000,WARRINGTON CENTRAL EAST PCN
U50277,THE CRAYS COLLABORATIVE PCN
U68127,GRAYS PCN
U87787,CARSHALTON PCN
U97340,SOUTHAMPTON BITTERNE PCN
U02610,EAST CORNWALL PCN
U89143,SOUTH COASTAL MEDICAL GROUP PCN
U47425,WEST SOMERSET PCN
U02453,WEST CENTRAL PCN
U42898,SOUTH TRAFFORD PCN
U49727,ANFIELD & EVERTON PCN
U87524,ORPINGTON PCN
U51200,ARNOLD AND CALVERTON PCN
U95499,FOSSEWAY PCN
U51577,KENTISH TOWN CENTRAL PCN
U00639,CARLISLE RURAL PCN
U66269,KEYNSHAM PCN
U44050,SOUTH WEST MERTON PCN
U25707,TONE VALLEY PCN
U72812,ALFRETON RIPLEY CRICH & HEANOR PCN
U41041,FIVEWAYS PCN
U82880,FORMBY PCN
U54911,LIVERPOOL FIRST PCN
U06092,GREENWOOD PCN
U89483,WERNETH PCN
U84543,SEACROFT PCN
U03653,FAIRLOP PCN
U33954,GP CONNECT PCN
U72129,CENTRAL BMW PCN
U92581,ARMLEY PCN
U03824,HULL NEXUS PCN
U84465,COLNE VALLEY PCN
U45809,BLACKPOOL SOUTH PCN
U11112,WANSBECK PCN
U81825,NORTH EASINGTON PCN
U35821,KETTERING & SOUTH WEST RURAL PCN
U41523,SOUTH COTSWOLDS PCN
U88623,NORTHWICH PCN
U91930,LONG LANE FIRST CARE GROUP PCN
U43314,SUNDERLAND NORTH PCN
U52468,TENDRING PCN
U12833,HEALTHIER SOUTH WIRRAL PCN
U22273,SOUTH RIBBLE MEDICAL GROUP PCN
U78610,VALENS PCN
U59980,WESTERN DALES PCN
U98291,SWB TOGETHER4HEALTHCARE PCN
U32831,CANALSIDE HEALTH & WELLBEING NETWORK PCN
U92558,WICKFORD PCN
U28348,HARTHILL EAST RIDING PCN
U34632,BRIDGEDALE SOUTH RIBBLE PCN
U24727,POTTERS BAR PCN
U01680,MALTBY WICKERSLEY PCN
U26345,SE SHROPSHIRE PCN
U58312,ENFIELD UNITY PCN
U10555,SWAFFHAM & DOWNHAM MARKET PCN
U40951,MID DEVON HEALTHCARE PCN
U10847,EYNSHAM & WITNEY PCN
U69841,BLACKBURN NORTH PCN
U83270,SWB PIONEERS FOR HEALTH (NORTH) PCN
U08561,SOUTHAMPTON LIVING WELL PARTNERSHIP PCN
U77315,LEICESTER CENTRAL PCN
U88348,DARWEN PCN
U82612,MACCLESFIELD PCN
U33522,HARLOW SOUTH PCN
U11690,RIVERVIEW HEALTH PCN
U05048,NORTH HARDWICK BOLSOVER PCN
U54853,DONCASTER EAST PCN
U50197,FROGNAL PCN
U20640,ST NEOTS PCN
U39113,NEWCASTLE SOUTH PCN
U95154,THE EALING NETWORK PCN
U61321,BELPER PCN
U49145,GO WEST PCN
U78604,CHRISTCHURCH PCN
U49944,UPPER DON VALLEY PCN
U11269,RIBBLESDALE PCN
U53775,WESTONGROVE PCN
U13720,GATESHEAD EAST PCN
U60865,TOWER HAMLETS NETWORK 7 PCN
U42154,BATTERSEA PCN
U72114,PORTSMOUTH SOUTH COAST PCN
U96599,HARINGEY - NORTH EAST PCN
U54764,LEICESTER CITY SOUTH PCN
U15435,HEATONS GROUP NETWORK PCN
U75018,DONCASTER SOUTH PCN
U31970,TRURO PCN
U29951,NANTWICH & RURAL PCN
U33963,BRISTOL INNER CITY PCN
U90309,NORTH BEDFORD PCN
U24740,HOUNSLOW HEALTH PCN
U86774,WATERSIDE PCN
U97785,RIVER & WOLDS EAST RIDING PCN
U53997,SOUTHAMPTON WOOLSTON & TOWNHILL PCN
U31823,BURNLEY EAST PCN
U21972,COASTAL FAREHAM & GOSPORT PCN
U21317,THE HAVENS PCN
U54453,TOWER HAMLETS NETWORK 2 PCN
U55830,CENTRAL MIDDLESBROUGH PCN
U16083,SOUTH CENTRAL EALING PCN
U03989,WHITLEY PCN
U45013,AINSDALE & BIRKDALE PCN
U33451,SOUTH CRAWLEY PCN
U80679,BRAINTREE PCN
U67183,NORTHERN PARISHES PCN
U27349,ONE LIFE HARTLEPOOL PCN
U38045,NORTH LAMBETH PCN
U13990,RIPON & MASHAM PCN
U26054,RURAL AND NORTH PCN
U11103,YEOVIL PCN
U49304,WOKINGHAM NORTH PCN
U58256,WELL STREET COMMON PCN
U94747,NEWHAM NORTH WEST 2 PCN
U78449,MORLEY PCN
U07392,NORTH CONNECT PCN
U34538,ATTENBOROUGH & TUDOR PCN
U85198,ASHFIELD NORTH PCN
U36134,NEWCASTLE CENTRAL PCN
U62999,WEST TWICKENHAM PCN
U95792,NORTH EAST IPSWICH PCN
U89762,THE HEALTH TRIANGLE PCN
U47851,ARROW HEALTH PCN
U85008,HOLGATE PCN
U31269,WEST LEEDS PCN
U56575,LOCC PCN
U24977,CRAMLINGTON SEATON VALLEY PCN
U10743,KENILWORTH AND WARWICK PCN
U24558,CHICHESTER ALLIANCE OF MEDICAL PRACTICES PCN
U24992,HERITAGE PCN
U64705,DHG SOUTH PCN
U65044,BRADFORD SOUTH PCN
U27366,BOURNVILLE AND NORTHFIELD PCN
U87882,LEA VALLEY HEALTH PCN
U90656,SWADLINCOTE PCN
U38661,MARINA PCN
U55709,CENTRAL 2 ISLINGTON PCN
U12365,SEDGEFIELD 2 PCN
U77203,NORTH WATFORD PCN
U07140,APL BEXLEY PCN
U58600,WATLING STREET NETWORK PCN
U37297,NETWORK 4 (BNSSG) PCN
U21268,HACKNEY DOWNS PCN
U53279,CALDER & RYBURN PCN
U09100,GREATER PRESTON PCN
U38221,TOLSON CARE PARTNERSHIP PCN
U74266,LMN PCN
U85685,SOUTH STOKE CENTRAL PCN
U57294,SWB CARITAS PCN
U48923,SWB URBAN HEALTH PCN
U66484,KINGSWINFORD & WORDSLEY PCN
U10128,SHEPPEY PCN
U80710,GREAT WEST ROAD PCN
U79381,QUINTON AND HARBORNE PCN
U45943,EAST MERTON PCN
U05001,LARWOOD & BAWTRY PCN
U82499,RETFORD AND VILLAGES PCN
U61505,HOLT PARK PCN
U94460,BILLINGHAM & NORTON PCN
U87177,ROTHER VALLEY SOUTH PCN
U10439,WAKEFIELD HEALTH ALLIANCE CENTRAL PCN
U30123,ELY NORTH PCN
U19169,CLIFTON & MEADOWS PCN
U79881,TRAFFORD WEST PCN
U15488,EAST BASILDON PCN
U49326,SOUTH WORCS THE RURALS PCN
U85493,PRINCEWAY PCN
U99438,HASTINGS & ST LEONARDS PCN
U52219,NORTH LINCOLNSHIRE SOUTH PCN
U36746,DONCASTER CENTRAL PCN
U78462,BRUNEL HEALTH GROUP PCN1
U63565,TWNS PCN
U11602,HORWICH NETWORK PCN
U93462,CONCORDE NEL PCN
U37341,FOUNDRY HEALTHCARE LEWES PCN
U66596,AFFINITY (BNSSG) PCN
U35987,HINCKLEY CENTRAL PCN
U44695,WEST END FAMILY HEALTH PCN
U45992,CITY CENTRE & ANCOATS PCN
U08711,GRAVESEND ALLIANCE PCN
U73458,WANDSWORTH PCN
U65434,STOCKWELLBEING PCN
U08235,REGIS HEALTHCARE PCN
U88368,"SEDGLEY, COSELEY & GORNAL PCN"
U65853,WITHINGTON & FALLOWFIELD PCN
U39263,ELTHAM PCN
U64827,HOLDERNESS PRIMARY CARE HOME PCN
U42235,BANSTEAD HEALTHCARE PCN
U71014,BRUNEL HEALTH GROUP PCN2
U70185,HEART OF BATH PCN
U57786,SWINTON PCN
U46593,GREENWICH WEST PCN
U89162,FOREST HEATH PCN
U31922,NEXUS MK PCN
U59961,LOWESTOFT PCN
U47655,DIDCOT PCN
U54229,SMARTCARE KINGS HEATH PCN
U69720,COALFIELDS PCN
U62485,NORTH NORFOLK 3 PCN
U58127,COVENTRY CENTAL PCN
U91476,GPA1 PCN
U92096,WEALD PCN
U18267,ROSEWOOD PCN
U82095,HULL MEDICAS PCN
U10602,WEST NORFOLK COASTAL PCN
U54760,HIGH WEALD PCN
U57741,SOUTH EAST TELFORD (SET) PCN
U14878,NESTON & WILLASTON PCN
U83990,SALE CENTRAL PCN
U10386,WALLSEND PCN
U99194,BIRKENHEAD PCN
U63258,DERBYSHIRE DALES PCN
U44561,BESTWOOD AND SHERWOOD PCN
U12200,CANNOCK NORTH PCN
U76315,LS25/LS26 PCN
U12376,HEELEY PLUS PCN
U91110,NORTH SHIELDS PCN
U47608,NEOHEALTH PCN
U86258,SOUTH WEST PCN
U86579,SWIFT PCN
U11373,NEWHAM CENTRAL PCN
U21078,TADCASTER AND SELBY PCN
U10827,TRINITY HEALTH GROUP PCN
U78490,GORDANO & MENDIP PCN
U58704,IMP PCN
U32001,SEVERNVALE PCN
U05784,BROMPTON HEALTH PCN
U38731,MID DORSET PCN
U31420,BRECKLAND SURGERIES PCN
U81405,ROSSENDALE EAST PCN
U97651,THE ARC HUB PCN
U11694,BMC PASTON PCN
U72231,SURBITON HEALTH CENTRE PCN
U23620,BANBURY PCN
U98974,SOUTH & WEST HEREFORDSHIRE PCN
U05885,SOUTH CAMDEN PCN
U04443,WEST LEIGH PCN
U82404,CENTRAL MAPLE PCN
U91385,SOUTHAMPTON NORTH PCN
U94317,BEDWORTH AND BULKINGTON PCN
U87914,BRIXHAM AND PAIGNTON PCN
U36652,CENTRAL WATFORD PCN
U31169,SEVEN HILLS PCN
U85257,ESTON PCN
U06816,EXETER CITY PCN
U75274,SHERBORNE AREA PCN
U37412,WEST DEVON PCN
U64938,PEAK EDGE PCN
U20410,WHAM PCN
U55939,HAVERING NORTH PCN
U89141,STOCKTON PCN
U59216,UNITY (NOTTINGHAM) PCN
U49001,WATERGATE PCN
U23742,BLACKBOURNE PCN
U66858,DEWSBURY & THORNHILL PCN
U30213,CROSS COUNTIES PCN
U50996,LOWER VALLEY PCN
U99739,CHELMSFORD CITY HEALTH PCN
U01901,CHORLEY CENTRAL PCN
U76444,EXETER WEST PCN
U26864,EASINGTON DISTRICT PCN
U80186,AINTREE PCN
U15138,HERTFORD AND RURALS PCN
U48026,LEICESTER CITY & UNIVERSITY PCN
U69252,PARKWOOD PCN
U94399,SKEGNESS AND COAST PCN
U83604,BICESTER PCN
U75549,SOUTH PETERBOROUGH PCN
U93726,SOUTH LINCOLN PCN
U84277,AVON VALLEY PCN
U92151,CHEAM AND SOUTH SUTTON PCN
U02669,BERKELEY VALE PCN
U92562,NUNEATON NORTH PCN
U95344,ALTRINCHAM HEALTHCARE ALLIANCE PCN
U35724,MEIR PCN
U76419,WASHWOOD HEATH PCN
U03892,FELIXSTOWE PCN
U02275,HYDE PCN
U17156,MILLTOWN ALLIANCE PCN
U07902,BRACKLEY & TOWCESTER PCN
U10998,BACHS PCN
U25545,WELL UP NORTH PCN
U69052,SWAN NETWORK WIGAN PCN
U14045,EAST WARRINGTON PCN
U60113,THREE HARBOURS AND BOSVENA PCN
U72999,4 DONCASTER PCN
U19037,NORTH SOLIHULL SOUTH PCN
U79764,RURAL ROTHER PCN
U62043,COASTAL (KERNOW) PCN
U07789,COVENTRY NORTH PCN
U01367,WALLINGFORD & SURROUNDS PCN
U34188,NEWHAM NORTH EAST 1 PCN
U65562,HEREFORDSHIRE HEREFORD CITY HMG PCN
U25405,YATELEY PCN
U42807,FOUNTAINS PCN
U66012,YORK MEDICAL GROUP PCN
U87170,NEWCASTLE OUTER WEST PCN
U66904,FENLAND PCN
U57321,ABINGDON AND DISTRICT PCN
U99971,TAME VALLEY PCN
U83524,GRANTA PCN
U45528,SOLIHULL HEALTHCARE PARTNERSHIP PCN
U28405,HIGH PEAK PCN
U73009,CANTERBURY NORTH PCN
U36651,M-WEB PCN
U47657,INTEGRATED CARE PARTNERSHIP PCN
U05632,SEAFORD PCN
U78361,BRADFORD CITY 5 PCN
U39345,UNIVERSITIES PCN
U25240,SWB PIONEERS FOR HEALTH (CENTRAL) PCN
U05642,MILLENNIUM PCN
U52461,CENTRAL HAMPSTEAD PCN
U63844,BYTES PCN
U20827,RURAL WEST OXFORDSHIRE PCN
U16878,BEESTON PCN
U85986,ONE ELLESMERE COURT PCN
U98785,BURY ST EDMONDS PCN
U05340,THREE VALLEYS HEALTH PCN
U97801,CHORLEY ROADS NETWORK PCN
U08803,TOWER HAMLETS NETWORK 6 PCN
U37316,BRADFORD CITY 4 PCN
U23362,SOUTH ONE NEWHAM PCN
U15164,ANDOVER PCN
U96568,NORTHAMPTONSHIRE RURAL PCN
U21465,SHORE MEDICAL PCN
U97645,BLACKPOOL CENTRAL PCN
U78272,GRAFTON MEDICAL PARTNERS PCN
U71839,ROBERT DARBISHIRE PRACTICE PCN
U87332,CITY CARE ALLIANCE PCN
U32323,MANSFIELD NORTH PCN
U71716,GRANTHAM AND RURAL PCN
U36887,METROCARE PCN
U87298,NORTHOLT PCN
U73478,PRESTWICH PCN
U79433,BIRMINGHAM EAST CENTRAL PCN
U10684,"CHARD, ILMINSTER & LANGPORT (CLICK) PCN"
U37826,SOUTH TYNESIDE WEST PCN
U05510,MALLING PCN
U41563,HEALTHY OLDHAM PCN
U20871,GOSPORT CENTRAL PCN
U11059,LEWISHAM CARE PARTNERSHIP PCN
U64487,ROCHDALE NORTH PCN
U10730,KIRKBY PCN
U22020,ST PAUL'S PCN
U88407,EPSOM PCN
U34230,NEWTON WEST PCN
U66146,BRIERLEY HILL PCN
U91979,BILLERICAY PCN
U50322,BARNSTAPLE ALLIANCE PCN
U30587,DONCASTER NORTH PCN
U18888,MANOR VIEW PCN
U85953,OCTAGON NORTH PCN
U92600,SOVEREIGN PCN
U33098,NUNEATON SOUTH PCN
U49929,ROCHFORD PCN
U23714,REDCAR COASTAL PCN
U84198,SOUTH DARTMOOR AND TOTNES PCN
U17153,WEST MENDIP PCN
U14261,POOLE BAY & BOURNEMOUTH PCN
U98513,FIVE LANE ENDS PCN
U27032,NORTH SOLIHULL NORTH PCN
U63186,CAVERSHAM PCN
U46190,MEWSTONE PCN
U11864,WOODSLEY PCN
U98580,HAYES WICK PCN
U52694,CRAWLEY CARE COLLABORATIVE PCN
U18990,WITHAM & MALDON PCN
U63454,WYRE RURAL EXTENDED NEIGHBOURHOOD (WREN) PCN
U79678,TURTON PCN
U55717,HAMMERSMITH & FULHAM CENTRAL PCN
U80779,EAST GRINSTEAD PCN
U84294,BRIDGE VIEW PCN
U10033,NORTH EAST COASTAL PCN
U79163,NORTH LINCOLNSHIRE WEST PCN
U45842,WEST WANDSWORTH PCN
U78164,WESTBURY & WARMINSTER PCN
U46417,MILL ROAD GROUP PCN
U81398,HITCHIN AND WHITWELL PCN
U36795,NORTH ISLINGTON PCN
U64175,CYGNET EAST RIDING PCN
U50130,IVEL VALLEY NORTH PCN
U07169,SHOREDITCH PARK PCN
U31847,WAKEFIELD HEALTH ALLIANCE SOUTH PCN
U04973,GARDEN CITY PCN
U84175,FROME PCN
U25294,"MELTON, SYSTON AND VALE PCN"
U26743,TONBRIDGE PCN
U60843,OAKDALE PCN
U49851,WACA PCN
U96127,NORTH WIGAN PCN
U96077,TASC PCN
U98623,"BRAMLEY, WORTLEY & MIDDLETON PCN"
U33392,BARNET 2 PCN
U33695,EDEN (LUTON) PCN
U73212,MID NORFOLK PCN
U51229,MEDICS PCN
U03810,ISLAND CITY PCN
U88190,PERSHORE PCN
U13655,SOUTH BIRMINGHAM ALLIANCE PCN
U01092,CISSBURY INTEGRATED CARE PCN
U22426,BRIGHTON II PCN
U65725,HULL BEVAN LTD PCN
U05796,LEICESTER HEALTH FOCUS PCN
U25251,WEYMOUTH & PORTLAND PCN
U53612,DACORUM BETA PCN
U16338,NORTH & SOUTH GLOUCESTER (NSG) PCN
U27932,WEB PCN
U14006,VICTORIA PCN
U14694,CENTRAL SLOUGH NETWORK PCN
U17969,FARNHAM PCN
U43660,NORTH BIRMINGHAM PCN
U54308,EAST & CENTRAL BRIGHTON 2 PCN
U36584,HARINGEY - N15/SOUTH EAST PCN
U79019,MINERVA HEALTH GROUP PCN
U88179,"FABB (FISHPONDS, AIR BALLOON & BEECHWOOD) PCN"
U09847,NORTH COTSWOLDS PCN
U40458,MORDEN PCN
U24241,DANAIS PCN
U07506,ARDWICK AND LONGSIGHT PCN
U57586,BRENT NORTH KWH PCN
U08248,BRIGANTES PCN
U72706,GREAT YARMOUTH & NORTHERN VILLAGES PCN
U27607,WOLVERHAMPTON TOTAL HEALTH PCN
U45098,CLAPHAM PCN
U55979,SARUM WEST PCN
U44623,TOTAL HEALTH EXCELLENCE EAST PCN
U12553,AEGROS HEALTH PCN
U11181,WINCHESTER RURAL SOUTH PCN
U52199,SELSDON ADDINGTON & SHIRLEY PCN
U75847,BRACKNELL AND DISTRICT PCN
U67243,YORK ROAD PCN
U58673,ROYAL PARKS PCN
U91937,MOORLANDS & RURAL PCN
U63047,WEST ENFIELD COLLABORATIVE PCN
U26939,HORSHAM CENTRAL PCN
U35513,CELANDINE PCN
U37262,CANBURY CHURCHILL ORCHARD BERRYLANDS PCN
U52261,BLUE PCN
U51307,CRANBROOK PCN
U38734,SELSDON PURLEY & COULSDON HEALTH PCN
U30526,MAYDAY SOUTH PCN
U43084,WEST WAKEFIELD PCN
U64165,TITAN PCN
U21926,HINDLEY PCN
U01096,LOUGHTON BUCKHURST HILL & CHIGWELL PCN
U81168,YEADON PCN
U52868,ALPS GROUP PCN
U26744,BARKING & DAGENHAM NEW WEST PCN
U88724,HARNESS PARKS PCN
U38064,NORTH & WEST HEREFORDSHIRE PCN
U78207,CHESTERFIELD AND DRONFIELD PCN
U02049,SOUTH TANDRIDGE PCN
U66005,SOUTH WORCS PERSHORE & UPTON PCN
U02961,SOUTH WESTMINSTER PCN
U21757,ORMSKIRK PCN
U81930,BRIDGWATER PCN
U71550,K2 HEALTHCARE SLEAFORD PCN
U65471,WALTHAM FOREST INTEGRATED HEALTH PCN
U79015,OCTAGON WISBECH PCN
U98116,ACORN HEALTH PCN
U19471,MERIDIAN PCN
U31305,SHAPE PCN
U33609,NGP PCN
U18986,SOUTHAMPTON CENTRAL PCN
U90453,RICHMOND PCN
U19031,WELLINGBOROUGH & DISTRICT PCN
U37593,SEDGEFIELD 1 PCN
U49226,BURY PCN
U05458,SUNDERLAND WEST 2 PCN
U28237,MIDDLEWOOD PCN
U29246,TOTTON PCN
U94009,ST HELENS SOUTH PCN
U05451,HACKNEY MARSHES PCN
U47946,WALTHAM FOREST CHINGFORD E4 PCN
U09643,RUNCORN PCN
U46389,HAVANT AND WATERLOOVILLE PCN
U41930,GATESHEAD OUTER WEST PCN
U12169,NORTH BLABY PCN
U69393,WALKDEN & LITTLE HULTON PCN
U79246,SELBY TOWN PCN
U51839,TOTAL HEALTH EXCELLENCE WEST PCN
U04725,HAYWARDS HEATH CENTRAL PCN
U88280,RAVEN PCN
U64597,HAZEL GROVE HIGH LANE & MARPLE PCN
U98408,WEST CENTRAL MANCHESTER PCN
U85954,H-BLACKLEY HARPURHEY & CHARLESTOWN PCN
U79533,MERICAN PCN
U22506,MODALITY LEWISHAM PCN
U84655,BARNET 1D PCN
U25131,KILBURN PARTNERSHIP PCN
U55399,BAYWIDE PCN
U84150,HAMPTON PCN
U71777,CAMBRIDGE CITY PCN
U20165,COCO PCN
U53317,WOKING WISE 2 PCN
U92975,PRESTON NORTH PCN
U26808,SARUM NORTH PCN
U16600,4PCC (BNSSG) PCN
U68649,WATERSIDE HEALTH NETWORK PCN
U16318,RUGELEY & GREAT HAYWOOD PCN
U68970,TUNBRIDGE WELLS PCN
U50107,HAVERING MARSHALL PCN
U76028,"BIRTLEY, OXFORD TERR & RAWLING RD PCN"
U34235,DOVER TOWN PCN
U78369,ALBAN HEALTHCARE PCN
U72848,DRAKE MEDICAL ALLIANCE PCN
U93573,THE BRIDGE MK PCN
U76801,WHITEFIELD DISTRICT & COMMUNITY PCN
U25587,COMMUNITY CARE HALL GREEN PCN
U18398,HAMMERSMITH & FULHAM PARTNERSHIP PCN
U66218,SOUTH HAMBLETON & RYEDALE PCN
U85644,TROWBRIDGE PCN
U33691,GATESHEAD INNER WEST PCN
U71897,SOUTH BUCKS PCN
U87255,SHELTON & HANLEY PCN
U12587,HARNESS TEMPLE PCN
U15334,HARINGEY - EAST CENTRAL PCN
U05517,HWL NETWORK PCN
U69695,BURNLEY WEST PCN
U39721,"HILLS, BROOKS & DALES GROUP PCN"
U04545,SOUTHEND EAST PCN
U84490,WAKEFIELD HEALTH ALLIANCE NORTH PCN
U64748,NORTH BOURNEMOUTH PCN
U33566,GUILDFORD EAST PCN
U16464,BARNSLEY PCN
U96434,EAST TWICKENHAM PCN
U51636,HARINGEY - NORTH CENTRAL PCN
U20349,NEWTON AND HAYDOCK PCN
U67032,SURREY HEATH PCN
U82077,BLACKPOOL NORTH PCN
U30563,FAREHAM & PORTCHESTER PCN
U10430,SUDBURY PCN
U32901,BRUNEL HEALTH GROUP PCN3
U02739,WHITLEY BAY PCN
U25656,WELL BEING WALLASEY PCN
U42152,WIGAN CENTRAL PCN
U05906,LEYLAND PCN
U06000,KNUTSFORD PCN
U57981,CHANCTONBURY PCN
U89806,SPHERE PCN
U07842,EAST CLEVELAND PCN
U64053,ISLES OF SCILLY & SOUTH KERRIER PCN
U62384,HULL MODALITY PARTNERSHIP PCN
U46976,MORETON AND MEOLS PCN
U27553,CENTRAL TELFORD PCN
U10339,HARROW COLLABORATIVE PCN
U98152,CHOC (CONGLETON & HOLMES CHAPEL) PCN
U56341,BRENTWORTH PCN
U06079,ABBEY HEALTH PCN
U44671,KENNET PCN
U17992,BARROW AND MILLOM PCN
U51498,HH COLLABORATIVE PCN
U29053,CITY SOUTH PCN
U53962,DURHAM EAST PCN
U08085,EDEN (CUMBRIA) PCN
U84263,STAFFORD NORTH PCN
U63072,ST IVES PCN
U16877,PEGASUS @ PANACEA NEL PCN
U37388,BRAMHALL CHEADLE AND HULME PCN
U60057,SHREWSBURY PCN
U01989,DURHAM WEST PCN
U02749,CENTRAL BOURNEMOUTH PCN
U90610,NORTH WEST IPSWICH PCN
U85348,BEXHILL PCN
U86169,NORTH TANDRIDGE PCN
U04784,WARWICKSHIRE EAST PCN
U89134,CENTRAL THISTLEMOOR PCN
U36833,CHELTENHAM CENTRAL PCN
U14816,HEALTHY CRAWLEY PCN
U92034,SOUTH MAIDSTONE PCN
U34388,CULM VALLEY PCN
U09187,GRAND UNION PCN
U26788,LYTHAM ST ANNE'S & ANSDELL (LSA) PCN
U35980,CENTRAL LIVERPOOL PCN
U40253,COLTE PARTNERSHIP PCN
U60978,GLOSSOP PCN
U78687,DIDSBURY CHORLTON PARK & BURNAGE PCN
U60176,3 CENTRES PCN
U56977,KNARESBOROUGH & RURAL PCN
U53230,THE PICTON PCN
U27129,EDGBASTON PCN
U16816,ASPEN PCN
U60098,WOLVERHAMPTON NORTH NETWORK PCN
U42510,BLANDFORD PCN
U77200,NORTH BUCKS PCN
U28765,ASOP PCN
U77447,FIVE ELMS PCN
U12413,EAST LINDSEY PCN
U71089,HATFIELD PCN
U12951,LEEK & BIDDULPH PCN
U43067,CROSSGATES PCN
U85744,PRIMARY CARE NORTH CROYDON PCN
U21965,MEDWAY SOUTH PCN
U29424,HAVERING CREST PCN
U65207,PHOENIX (BNSSG) PCN
U03055,ALDERSHOT PCN
U00567,PHOENIX @ PANACEA NEL PCN
U80633,HILLSBOROUGH PCN
U06871,BURGESS HILL & VILLAGES PCN
U97051,HERTS FIVE PCN
U95193,NORTH TYNESIDE NORTH WEST PCN
U99255,TOWER HAMLETS NETWORK 4 PCN
U19152,WELWYN GARDEN CITY A PCN
U64356,EAST MK PCN
U15230,ABINGDON CENTRAL PCN
U02454,NIGHTINGALE PCN
U45611,SKELMERSDALE PCN
U91215,NORTH NORFOLK 2 PCN
U94373,WYTHENSHAWE PCN
U51488,EAST HILL & ABBEY FIELDS PCN
U06256,HIPC (HOLISTIC PATIENT CENTRED CARE) PCN
U13761,THE RIDGE PCN
U65968,SWB I3 PCN
U71931,SOUTH BLABY & LUTTERWORTH PCN
U14327,ICC & FAILSWORTH PCN
U24883,NORTH SHROPSHIRE PCN
U64003,NEWPORT PCN
U82430,SARUM SOUTH PCN
U19124,PORTSMOUTH NORTH PCN
U03186,THE LEICESTER FOXES PCN
U65941,WOODLANDS PCN
U47812,WALTHAM FOREST SOUTH LEYTONSTONE PCN
U70212,HARTLEPOOL PCN
U66020,RURAL ALLIANCE PCN
U91254,GATESHEAD CENTRAL SOUTH PCN
U25680,KESWICK & SOLWAY PCN
U23862,STROUD COTSWOLD PCN
U12199,EAST HEREFORDSHIRE PCN
U57955,HAMBLETON SOUTH PCN
U75268,BOSTON PCN
U89118,SOUTH TYNESIDE SOUTH PCN
U08925,STAFFORD CENTRAL PCN
U49529,CLAYTON BESWICK & OPENSHAW PCN
U44537,SWB MODALITY PCN
U54044,SWB CENTRAL HEALTH PARTNERSHIPS PCN
U62614,K AND C SOUTH PCN
U65132,WALSALL NORTH PCN
U13098,MILES PLATTING NEWTON HEATH & MOSTON PCN
U20290,LOXFORD PCN
U24388,CANTAB MEDICAL PRACTICES PCN
U94681,NORTH NORFOLK 1 PCN
U87755,TORQUAY PCN
U21339,ARUN PCN
U27624,BAY PCN
U59591,OASIS PCN
U70230,LEIGH PCN
U28474,THE BINGLEY BUBBLE PCN
U69575,VIADUCT CARE PCN
U22092,STRAWBERRY HEALTH PCN
U36687,ENFIELD SOUTH WEST PCN
U90861,HAYLING ISLAND & EMSWORTH PCN
U03551,"MOTTINGHAM, DOWNHAM & CHISLEHURST PCN"
U42598,"BALHAM, TOOTING & FURZEDOWN PCN"
U46447,GOLDSTONE PCN
U23710,SEVERN HEALTH PCN
U40100,LONDON FIELDS PCN
U82305,GOSK PCN
U98994,SCARBOROUGH CORE PCN
U11746,SWB NEWCOMEN PCN
U16538,MERIDIAN HEALTH GROUP NEL PCN
U80019,ENFIELD CARE NETWORK PCN
U10335,BRUNEL PCN
U87168,SOUTH ISLINGTON PCN
U38216,BRADFORD CITY 6 PCN
U51429,THE VALE PCN
U34807,GREAT WESTERN HEALTH CARE PCN
U23717,SEAFORTH & LITHERLAND PCN
U79408,WIDNES PCN
U56757,MEDWAY PENINSULA PCN
U01198,SOUTH (IW) PCN
U06180,NORTH SOUTHWARK PCN
U87442,ASHFORD STOUR PCN
U76226,CLACTON GP ALLIANCE PCN
U07449,PORTSDOWN PCN
U71643,EAST AND SOUTH KNOWSLEY PCN
U72156,WEST BASILDON PCN
U19923,WIMBORNE & FERNDOWN PCN
U39446,EAST BEDFORD PCN
U46437,BORDESLEY EAST PCN
U47228,ABC PCN
U75079,NORTH & EAST (IW) PCN
U27362,BARKING & DAGENHAM EAST ONE PCN
U70739,THAME PCN
U78443,HEYWOOD PCN
U28255,EAST NORTHANTS PCN
U26059,NEW FOREST PCN
U61868,WASHINGTON PCN
U33192,SOAR VALLEY PCN
U27086,BD4+ PCN
U53963,ASHFIELD SOUTH PCN
U69625,"MOSELEY, BILLESLEY & YARDLEY WOOD PCN"
U25882,EREWASH PCN
U06387,NEXUS (DEVON) PCN
U45743,TEAM BOOTLE PCN
U02671,GREATER MIDDLESBROUGH PCN
U94664,MIDDLETON AND HUNSLET PCN
U31228,"BURMANTOFTS, HAREHILLS & RICHMOND HILL PCN"
U56729,SEISDON PCN
U48538,HEALTHWEST PCN
U17794,SOUTHEND CENTRAL PCN
U57426,SITTINGBOURNE EAST PCN
U21470,HERNE BAY PCN
U40159,MMWF PCN
U08086,PENDLE WEST PCN
U07776,CHESTER EAST PCN
U04079,WEST READING VILLAGES PCN
U16737,POOLE NORTH PCN
U06610,DUDLEY AND NETHERTON PCN
U26254,TELDOC PCN
U91844,MARGATE PCN
U50320,COVENTRY NAVIGATION PCN
U43112,BROMLEY CONNECT PCN
U52546,NORTH WEST MERTON PCN
U92223,CARLISLE HEALTHCARE PCN
U82712,CENTRAL NORTH LEEDS PCN
U66785,TORRIDGE PCN
U40502,HARTLEPOOL HEALTH PCN
U89154,SPRINGFIELD PARK PCN
U22192,THE MARSH PCN
U60450,HEALTH ALLIANCE PCN
U18020,"STOURBRIDGE, WOLLESCOTE & LYE PCN"
U25489,BLYTH PCN
U30913,BEVERLEY PCN
U88743,AYLESBURY VALE SOUTH PCN
U37007,READING UNIVERSITY PCN
U05512,WEST NORTHUMBERLAND PCN
U85748,CHEETHAM HILL & CRUMPSALL PCN
U36042,GORLESTON PCN
U87508,HODDESDON & BROXBOURNE PCN
U34816,BLACKBURN WEST PCN
U92455,SWB UNITED HEALTHCARE PCN
U65316,BOLTON CENTRAL PCN
U17849,NEWCASTLE EAST PCN
U92720,WALTHAM FOREST 8 PCN
U00760,NORTH SEDGEMOOR PCN
U52297,SUNDERLAND EAST PCN
U99474,READING CENTRAL PCN
U27128,PHOENIX SUNRISERS PCN
U94342,RADFORD AND MARY POTTER PCN
U09521,OADBY & WIGSTON PCN
U42972,EASTBOURNE CENTRAL PCN
U10834,REDDITCH & BROMSGROVE NIGHTINGALES PCN
U69551,THE VALLEYS HEALTH & SOCIAL CARE PCN
U87769,AFFINITY CARE PCN
